{"cameraMode":{"drawMode":0,"name":"Shaded","section":"Shading Mode"},"sceneLighting":true,"audioPlay":false,"sceneViewState":{"m_AlwaysRefresh":false,"showFog":true,"showSkybox":true,"showFlares":true,"showImageEffects":true,"showParticleSystems":true,"showVisualEffectGraphs":true,"m_FxEnabled":true},"in2DMode":false,"pivot":{"x":-6.114233016967773,"y":2.0870304107666017,"z":12.781675338745118},"rotation":{"x":-0.03440859541296959,"y":0.9621402621269226,"z":-0.22813229262828828,"w":-0.14511698484420777},"size":34.626346588134769,"orthographic":false}